views,likes,comments,watch_time_minutes,video_length_minutes,subscribers,engagement_rate,likes_per_view,comments_per_view,watch_time_efficiency,interaction_score,subscriber_engagement_score,category,device,country,actual_revenue,predicted_revenue
9983,880.0,275.0,59600.095181738056,22.32677899671261,222682,0.1156966843634178,0.08814985475308024,0.027546829610337574,2669.44440084768,973.5,0.005186768575816635,Education,Tablet,Au,352.8535207166556,352.7891747424094
10121,1240.0,440.0,55228.05775693253,7.610555794571809,611282,0.16599150281592728,0.12251753779270823,0.04347396502321905,7256.7706285424865,1440.0,0.0027483223782149646,Tech,Desktop,Uk,341.98378847757203,341.8907337436226
9922,449.0,388.0,29377.983130649336,7.64757120728156,174915,0.08435799234025398,0.04525297319088893,0.039105019149365046,3841.4788609849593,818.7,0.004785181373810136,Lifestyle,Tablet,Ca,204.5868831469404,204.5732537886834
9937,1926.0,438.0,17908.25219869248,9.291331397071502,407834,0.23789876220187178,0.1938210727583778,0.044077689443494016,1927.4150746939142,1917.6,0.0057964760172030776,Gaming,Tablet,Ca,176.83567028206275,176.62998602705616
10073,456.0,458.0,42983.93816687755,19.49557362048165,519734,0.09073761540752506,0.04526953241338231,0.04546808299414276,2204.8049984905037,914.5999999999999,0.0017585918950847933,Music,Mobile,Ca,270.8428390888156,270.93396908076056
10030,1613.0,167.0,43402.73135704993,22.86233512782971,838223,0.17746759720837488,0.16081754735792622,0.016650049850448653,1898.4382441414284,1346.1999999999998,0.002123539917181943,Education,Tablet,Au,287.47745471051496,287.4272492953759
10217,489.0,335.0,40839.95179284762,10.867806457690609,173247,0.08064989723010668,0.04786140745815797,0.03278848977194871,3757.883612653702,777.8,0.004756215114836044,Lifestyle,Tablet,Us,259.9383737224972,260.2914601801202
10113,819.0,294.0,40145.43575788266,25.253480805348023,428302,0.11005636309700385,0.08098487095817265,0.029071492138831208,1589.6991019701693,955.5,0.002598633674369954,Lifestyle,Desktop,In,261.0893170332391,261.2444405865051
10094,245.0,214.0,45508.79592907564,15.90785396235966,117199,0.04547255795522092,0.024271844660194174,0.02120071329502675,2860.775314932875,449.7,0.0039164156690756746,Gaming,Tablet,Au,275.0355440545122,275.34213991226807
10115,776.0,226.0,50287.34846120779,19.83309872179154,841852,0.0990608007909046,0.07671774592189817,0.022343054869006427,2535.526554201778,837.0,0.001190232962563491,Entertainment,Desktop,De,307.0063510102704,307.17956222301564
10097,1214.0,392.0,58748.07511179383,7.828673596893229,598446,0.15905714568683768,0.12023373279191839,0.038823412894919286,7504.21822862914,1359.4,0.0026836172353061094,Tech,Mobile,Us,357.18212238627336,357.09239627477854
9999,1839.0,290.0,41782.04940188965,2.983763000749084,171727,0.21292129212921293,0.18391839183918393,0.029002900290029002,14003.139455580125,1664.3,0.012397584538249663,Music,Mobile,Ca,285.6735555741808,285.4976559019342
9956,1039.0,165.0,45586.00969518047,15.805107547701162,962169,0.12093210124548011,0.10435918039373242,0.01657292085174769,2884.258114511275,941.8,0.0012513394216608516,Lifestyle,Tablet,Au,287.4851143291804,287.47131964986556
9971,1008.0,210.0,35161.254524918804,4.335114603886042,444186,0.12215424731721994,0.10109317019356133,0.02106107712365861,8110.801613733553,978.5999999999999,0.0027420945279680135,Entertainment,Tablet,Ca,238.65601295936085,238.6783015422015
10071,442.0,375.0,29348.429323156917,22.43728902906813,650280,0.08112401946182107,0.04388839241386158,0.03723562704795949,1308.020290915503,796.9,0.0012563818662729902,Music,Desktop,Au,204.88015218242825,205.06970518624485
9752,413.0,451.0,46191.55080015644,12.102413300461372,253206,0.08859721082854799,0.04235028712059065,0.04624692370795734,3816.7223059879725,875.4000000000001,0.0034122414160801876,Music,Desktop,In,283.43333951688544,283.11796980916
10098,1015.0,452.0,24201.670413486405,13.207214116050976,836362,0.14527629233511585,0.10051495345612993,0.04476133887898594,1832.4583974203658,1298.1,0.0017540251709188127,Education,Mobile,Ca,191.9280332718256,191.97976404852943
9937,1214.0,279.0,37429.903600278696,19.024302999547206,365716,0.1502465532856999,0.1221696689141592,0.028076884371540708,1967.4783145101062,1212.5,0.004082402738737162,Lifestyle,Tv,Ca,253.90100848603777,253.8131779447531
10106,1102.0,315.0,53952.07431454089,23.47404345475001,173309,0.14021373441519888,0.10904413219869384,0.031169602216505048,2298.371578741523,1180.9,0.008176147805364985,Music,Mobile,In,339.92899090545467,331.38034577663063
9976,1102.0,479.0,28924.069033497013,12.447948971023088,204196,0.1584803528468324,0.11046511627906977,0.04801523656776263,2323.601189306592,1394.1,0.007742561068777057,Music,Mobile,De,220.6718459566944,215.4092519698159
10086,807.0,336.0,57505.95708753387,7.900592770688362,778491,0.11332540154669839,0.08001189767995241,0.03331350386674598,7278.688923302587,1001.7,0.0014682250661857362,Lifestyle,Desktop,In,343.31105420872126,343.350534607783
10060,1013.0,73.0,24833.542972619736,17.05501583454862,367362,0.10795228628230616,0.10069582504970179,0.007256461232604374,1456.0844278029945,803.9999999999999,0.0029562121286360594,Tech,Desktop,De,188.1606428383622,188.39243327190133
9846,841.0,256.0,24305.535495929,27.90722542760522,765719,0.11141580337192769,0.08541539711557992,0.026000406256347756,870.9405941834151,921.5,0.0014326404333704662,Education,Tv,Au,184.74536951778285,184.67209500345055
10110,885.0,243.0,37522.22120523364,19.552385278305064,980770,0.11157270029673591,0.08753709198813056,0.024035608308605343,1919.0610593617725,935.4000000000001,0.0011501167450064746,Tech,Tv,Us,345.033478918015,249.13889215446926
9957,310.0,274.0,43476.50571865547,21.10518819467016,357692,0.058652204479260825,0.031133875665361053,0.02751832881389977,2059.991378311182,573.2,0.0016326895765071626,Education,Tablet,Us,263.15917909125574,266.95043150306003
10093,659.0,206.0,31275.10465142993,14.102635372341076,954563,0.08570296244922224,0.06529277717229763,0.020410185276924602,2217.6780314953417,729.0999999999999,0.0009061738198526446,Tech,Tablet,Uk,214.9031533164664,215.16018747746094
9865,1007.0,353.0,37522.22120523364,10.74628462250432,3065,0.13786112519006588,0.10207805372529144,0.035783071464774455,3491.6459523746958,1163.8,0.4437194127243067,Music,Desktop,Ca,317.1027924438976,251.51358151935952
10268,1349.0,487.0,37354.196026199614,18.540347737456607,984711,0.17880794701986755,0.13137904168289832,0.047428905336969224,2014.7516408623692,1577.4,0.0018645064389450306,Music,Tablet,Uk,261.5756054044775,261.1832975955786
10023,1004.0,198.0,37814.03824650959,12.58285891582247,639559,0.11992417439888257,0.10016960989723636,0.019754564501646213,3005.2024344769425,960.2,0.0018794200378698448,Gaming,Mobile,Ca,251.15859926485223,251.23388452459284
10036,1416.0,418.0,26986.972872865088,3.790581114996609,79329,0.18274212833798326,0.14109206855320844,0.04165005978477481,7119.481697963672,1534.6,0.02311890985642073,Education,Desktop,Uk,211.04415501729724,210.9607770627907
9923,1881.0,212.0,39670.12559017355,13.893709857981037,111039,0.2109241156908193,0.18955960898921698,0.021364506701602337,2855.2579545473686,1592.2999999999997,0.018849233152315854,Music,Tv,In,274.70208085940675,274.5292105099564
9936,670.0,348.0,55093.51859537964,10.985262492569472,580875,0.10245571658615137,0.06743156199677938,0.035024154589371984,5015.22095012708,921.4,0.001752528513019152,Gaming,Tv,In,329.0075488728423,328.90433224593465
10144,1750.0,450.0,42601.76845475111,27.69083429442967,919587,0.21687697160883282,0.17251577287066247,0.04436119873817035,1538.4790505687633,1810.0,0.002392378317657818,Tech,Mobile,De,291.5139592976336,291.33426450062416
10058,1516.0,501.0,56438.56398804436,22.49601122751762,123236,0.20053688606084707,0.1507257904155896,0.04981109564525751,2508.825383186485,1712.5,0.01636697069038268,Lifestyle,Mobile,Au,353.15464625559946,352.9088862941059
9969,1116.0,55.0,17359.228338625482,21.2458471045772,807205,0.11746413883037415,0.11194703581101415,0.005517103019360016,817.0645422222592,852.6999999999999,0.0014506847702875974,Gaming,Desktop,In,153.90949899791372,154.05531684402916
9924,282.0,99.0,40750.87114425388,26.19596647907162,215225,0.03839177750906892,0.028415961305925032,0.009975816203143894,1555.6162501891429,326.1,0.0017702404460448369,Gaming,Tablet,Uk,250.37775760387865,250.49045845949465
10001,208.0,332.0,31145.31654385385,27.304950882866216,603574,0.05399460053994601,0.0207979202079792,0.0331966803319668,1140.6472283162923,577.2,0.0008946707445980111,Music,Desktop,Ca,208.22601699915677,208.3854660449241
9952,1757.0,342.0,15018.694829842125,27.973782786886748,932180,0.21091237942122187,0.17654742765273312,0.03436495176848874,536.8846589057819,1674.5,0.0022517110429316227,Tech,Tv,Au,158.73625650758314,158.62212269642453
10103,1750.0,104.0,52965.92981517454,3.1517004360422245,935861,0.1835098485598337,0.17321587647233494,0.010293972087498762,16805.508927646362,1360.2,0.0019810634271542464,Music,Tablet,Ca,334.2157178094464,334.18590785126844
10075,1985.0,482.0,37238.829189657714,8.626775925111476,754817,0.244863523573201,0.19702233250620346,0.04784119106699752,4316.656594876899,2016.1,0.0032683418629946065,Music,Tablet,In,270.4596967298071,270.1914146974165
10056,1611.0,269.0,29570.190513900223,9.046635946777664,146532,0.1869530628480509,0.16020286396181385,0.026750198886237073,3268.6393801922445,1477.3999999999999,0.012829962056069663,Education,Tablet,De,224.11765281912983,224.07874398855859
10020,867.0,431.0,30457.36294320754,18.10196102365164,515064,0.12954091816367266,0.08652694610778443,0.04301397205588822,1682.5449410377469,1167.2,0.002520075175123868,Lifestyle,Desktop,Uk,218.1096457079223,218.109286058701
10039,1910.0,428.0,58283.28548433178,28.13179799022383,855797,0.23289172228309593,0.19025799382408606,0.04263372845900986,2071.793829338103,1893.4,0.0027319562933733115,Music,Tv,In,367.2697941861763,366.9610336130631
9919,1186.0,442.0,29944.17393274064,15.534939912475917,138594,0.16412944853311826,0.11956850488960581,0.04456094364351245,1927.537158266885,1404.8,0.011746540254267862,Lifestyle,Tablet,Uk,220.83577436831223,220.68459327615466
10043,748.0,399.0,53446.234217230434,18.4739003729798,962608,0.11420890172259285,0.07447973713033954,0.03972916459225331,2893.0671454416683,1042.3000000000002,0.0011915546099762313,Tech,Tv,Au,324.0160483978865,323.99986381102565
9881,1683.0,426.0,16380.949403283794,25.847351689961418,690618,0.2134399352292278,0.1703268899908916,0.0431130452383362,633.7573612868749,1731.9,0.003053786608515851,Tech,Tv,Au,164.96058991616874,164.7772051864642
9944,622.0,470.0,18838.46838163889,13.63724486914822,572624,0.10981496379726469,0.06255028157683025,0.04726468222043443,1381.398410191892,1046.4,0.0019070105339629496,Lifestyle,Desktop,Uk,159.39536830207965,159.38004609282115
9772,230.0,252.0,23012.39285426071,19.577574518193057,668129,0.04932460090053213,0.02353663528448629,0.025787965616045846,1175.4465719374862,488.6,0.0007214175705589789,Lifestyle,Tablet,Au,167.6930116518224,167.57301996209375
10080,831.0,278.0,51831.39695718692,26.42868126366163,813163,0.11001984126984127,0.08244047619047619,0.02757936507936508,1961.1798424635358,943.0999999999999,0.0013638102077935174,Lifestyle,Desktop,Ca,315.9425056742363,316.02391979015687
9987,387.0,284.0,26672.6564361023,17.036572969225208,968226,0.0671873435466106,0.03875037548813458,0.02843696805847602,1565.6116100511338,640.0999999999999,0.0006930200180536362,Lifestyle,Mobile,Au,189.3180989879609,189.46489848937014
10072,1289.0,276.0,28737.794394769127,6.143876767964384,586492,0.15538125496425734,0.12797855440826053,0.027402700555996824,4677.469207164885,1261.1,0.0026684080942280543,Education,Mobile,De,214.86264193280164,214.91036147741215
10005,1974.0,391.0,45252.934914576894,14.420849925031382,294824,0.23638180909545228,0.19730134932533733,0.03908045977011494,3138.021347550943,1890.1,0.008021735001221067,Lifestyle,Tv,Au,306.12464666124623,305.85807730349984
9732,1739.0,261.0,26211.184895289567,17.608837405709032,223192,0.20550760378133992,0.17868886148787505,0.02681874229346486,1488.524443231643,1556.6,0.008960894655722427,Tech,Mobile,De,208.55160805679628,208.42821144220324
10108,1219.0,181.0,29999.29903738189,21.836230208976698,357651,0.13850415512465375,0.1205975464978235,0.017906608626830234,1373.8314145932304,1088.6,0.003914430548215999,Entertainment,Mobile,Uk,218.16171160078196,218.31135372701698
10030,727.0,174.0,30117.263966422983,27.6929516369758,383411,0.08983050847457627,0.07248255234297109,0.017347956131605183,1087.5425762203777,735.1,0.002349958660549645,Lifestyle,Desktop,Us,209.7349620178744,209.91810528216874
9945,1805.0,92.0,30222.31961871712,4.2868443028170535,165528,0.19074912016088486,0.18149824032176973,0.009250879839115133,7050.015695428185,1383.1,0.011460296747378087,Entertainment,Tablet,De,226.90597011407544,226.85045237272487
9983,490.0,193.0,44694.06253894616,3.4551342089981203,437697,0.06841630772312932,0.04908344185114695,0.01933286587198237,12935.550353601466,593.9,0.0015604402132068532,Entertainment,Tv,In,274.4660677049103,274.57052342868104
9955,1323.0,374.0,45203.14256991428,12.363687054648658,68853,0.17046710195881468,0.132898041185334,0.03756906077348066,3656.1215412612873,1412.3,0.02464671110917462,Entertainment,Tv,De,294.1482278935028,293.9817775029475
10058,1651.0,281.0,51580.1092984136,23.90426556044239,592537,0.19208590176973553,0.16414794193676674,0.027937959832968783,2157.778458743788,1520.9999999999998,0.003260555880898577,Education,Tv,Ca,328.78836333066766,328.6547197575353
9916,1071.0,455.0,33171.035709291784,27.402508872810703,579688,0.15389269866881808,0.10800726099233562,0.045885437676482455,1210.510901146162,1341.1999999999998,0.0026324505596113774,Education,Tablet,Au,234.28018823293212,234.12490352193103
9975,1992.0,84.0,38021.85954621283,2.107059130781828,998521,0.2081203007518797,0.19969924812030077,0.008421052631578947,18044.989336442944,1503.6,0.0020790749518537917,Education,Mobile,Uk,266.9100272348152,266.8156801648632
10061,376.0,366.0,34481.9185587455,15.852289871564556,733427,0.07375012424212304,0.03737203061325912,0.03637809362886393,2175.2011121496275,739.0,0.0010116889615462753,Lifestyle,Tv,Au,227.7410149903388,227.91921081492626
9942,1934.0,404.0,18816.07471180297,21.209207360669165,795757,0.23516395091530878,0.19452826393079864,0.04063568698451016,887.1653896267677,1879.0,0.002938082856952562,Entertainment,Tv,Uk,180.6948127160772,180.50312161844568
9867,1017.0,349.0,37871.01389252606,17.91674084402038,762084,0.1384412688760515,0.10307084220127698,0.035370426674774504,2113.7222568671195,1165.6,0.0017924533253552103,Gaming,Mobile,Au,253.43311744428624,253.2728561517262
10197,2004.0,148.0,35089.3171552487,14.393516562669866,906300,0.21104246346964795,0.19652839070314798,0.014514072766499951,2437.8557527945727,1595.2,0.0023744896833278162,Gaming,Desktop,In,255.5473975282226,255.53894659850621
9972,1113.0,262.0,35483.99802513999,22.71386999465317,495258,0.13788608102687525,0.11161251504211793,0.02627356598475732,1562.217184191549,1119.6999999999998,0.0027763307205537317,Music,Tv,Us,242.88122340921817,242.85794249105209
9950,1023.0,367.0,59289.02621724588,16.708450253970682,889542,0.13969849246231156,0.1028140703517588,0.03688442211055276,3548.4455659289006,1193.1999999999998,0.0015626018782699412,Lifestyle,Mobile,Uk,355.254059803483,355.08506316088625
10145,1742.0,464.0,50945.79164943444,15.3534836449898,642211,0.21744701823558404,0.17171020206998522,0.04573681616559882,3318.191026051553,1822.6,0.0034350081203841105,Entertainment,Tablet,Au,330.96048886398177,330.74449074419647
9972,819.0,259.0,32382.015394786864,13.079023645017232,293016,0.1081026875250702,0.08212996389891697,0.02597272362615323,2475.874061679181,910.0,0.003678979987440959,Entertainment,Desktop,Uk,223.1521719914581,223.19370101584292
10095,937.0,60.0,29465.895832508377,16.136464716650497,617766,0.09876176324913323,0.09281822684497276,0.005943536404160475,1826.0440778024838,733.9,0.001613879689073209,Entertainment,Desktop,Us,208.6527250770656,208.93512228306122
10106,265.0,173.0,40252.09617933919,5.311574017715225,68924,0.04334058974866416,0.026222046309123292,0.017118543439540865,7578.1860603071555,410.4,0.006354825605014219,Entertainment,Desktop,Us,249.95423584764768,250.3178870621814
9937,1075.0,376.0,23514.713636686625,22.513257096158824,159074,0.1460199255308443,0.10818154372547047,0.037838381805373855,1044.482970022968,1241.3,0.009121540918063291,Tech,Tablet,Us,187.57548012331344,187.5117027100734
9921,516.0,266.0,53124.43598281967,29.85379072756513,674117,0.07882269932466485,0.05201088599939522,0.02681181332526963,1779.4871166484018,707.0,0.0011600360174865787,Lifestyle,Tablet,De,315.58986760432845,315.5381142386479
10062,1414.0,371.0,48529.60433260302,19.05448873259827,352275,0.17740011926058438,0.14052872192407076,0.036871397336513616,2546.8856715939564,1472.1,0.005067064083457526,Music,Tablet,Us,311.9009496149473,311.7845584889903
9810,1296.0,260.0,34429.639325554504,5.438642454558663,66596,0.15861365953109072,0.13211009174311927,0.026503567787971458,6330.557600214301,1245.1999999999998,0.02336476665265181,Tech,Tv,In,240.1772387955597,239.99230851174724
9982,1160.0,88.0,49874.88269656563,4.387953984917028,247185,0.12502504508114606,0.11620917651773192,0.008815868563414146,11366.318532054687,926.4,0.0050488500515808,Entertainment,Desktop,Us,308.5968728374209,308.6133583043257
9843,328.0,132.0,43335.24031899099,28.271899604641952,946165,0.04673371939449355,0.03332317382911714,0.01341054556537641,1532.8025680975393,401.2,0.0004861731304793561,Entertainment,Desktop,Us,263.49761728221347,263.4540792208192
9882,1639.0,96.0,29846.73246191513,27.44527590966185,634260,0.17557174660999797,0.16585711394454564,0.009714632665452338,1087.499814545784,1272.1,0.0027354712578437864,Entertainment,Tablet,Ca,222.0226452306404,221.9477552408767
10095,503.0,321.0,42949.72409161862,22.033523854279604,388828,0.0816245666171372,0.049826646854878656,0.03179791976225854,1949.2898356009646,769.4,0.002119188947298034,Entertainment,Tv,Au,269.2493025506414,269.4377736596231
10154,1558.0,464.0,19360.93453088366,10.510948976979858,867903,0.1991333464644475,0.15343706913531613,0.045696277329131375,1841.9777865239619,1693.8,0.0023297534401885926,Music,Tv,De,178.93697377110112,178.89339490347749
9992,1358.0,259.0,39538.78598621536,17.670222278643983,538485,0.16182946357085667,0.13590872698158526,0.025920736589271416,2237.5941492259244,1287.3,0.003002869160700855,Tech,Mobile,Uk,266.26121303853813,266.19758421824747
10046,286.0,201.0,34840.51769565513,7.655949259466999,245352,0.04847700577344217,0.02846904240493729,0.020007963368504876,4550.776985959374,461.5,0.0019849033225732824,Entertainment,Desktop,Ca,224.9707126860248,225.240177905397
9853,608.0,201.0,28846.284835329938,16.001313965455807,900311,0.08210697249568659,0.061707094286004266,0.02039987820968233,1802.744755687208,686.9,0.0008985783801375302,Gaming,Mobile,De,201.23940957996285,201.2051797754818
9938,1838.0,285.0,25866.816221357,13.07629722259438,229714,0.2136244717246931,0.1849466693499698,0.028677802374723286,1978.1453251660594,1657.1,0.009241926917819549,Entertainment,Mobile,Us,210.2196628129909,210.07486185245037
10116,1102.0,311.0,48970.64652665878,22.083886133366537,624776,0.1396797153024911,0.10893633847370503,0.03074337682878608,2217.4832015941724,1175.7,0.002261610561225143,Music,Desktop,Us,301.8179769391815,307.90867489215043
9909,1158.0,399.0,52755.83243941529,27.77280536237869,113850,0.15712988192552224,0.1168634574629125,0.04026642446260975,1899.5500004792043,1329.3,0.013675889328063242,Music,Mobile,De,327.10974635720686,326.892150580309
10053,726.0,343.0,30772.92966281585,29.40945292733791,454730,0.10633641698995325,0.07221724858251269,0.034119168407440566,1046.3618530697152,954.1,0.0023508455567039783,Tech,Tablet,Au,215.83343556181657,215.9475788293382
10019,782.0,171.0,47983.14981919593,23.756802037436383,837929,0.09511927338057691,0.07805170176664337,0.017067571613933526,2019.7646864920307,769.7,0.0011373278642939915,Tech,Mobile,De,294.8007463074948,294.89535575809674
10038,1432.0,399.0,38061.9287359841,27.54581424367357,236872,0.1824068539549711,0.14265789998007572,0.0397489539748954,1381.768148121661,1521.1,0.007729913202066939,Tech,Desktop,In,263.21628830893434,263.101155350065
10200,1156.0,147.0,27792.76982098778,10.84300575606476,848210,0.1277450980392157,0.11333333333333333,0.014411764705882353,2563.197921890118,1000.3,0.0015361761827849235,Gaming,Mobile,Au,206.5711338691493,206.8608126180121
10143,886.0,264.0,49174.18597194342,18.11505952325369,631702,0.11337868480725624,0.08735088238193828,0.026027802425317954,2714.5473029674663,963.3999999999999,0.0018204786434109755,Tech,Desktop,Au,304.44792588182906,304.60434951959843
10008,1281.0,179.0,50122.4682299654,29.77410836711249,532511,0.14588329336530775,0.12799760191846524,0.017885691446842527,1683.4246591689391,1129.3999999999999,0.0027417274009363187,Music,Desktop,Ca,313.5433125728708,313.5127510781465
10239,495.0,63.0,21070.190282874333,18.949505090623504,293880,0.0544975095224143,0.04834456489891591,0.006152944623498389,1111.9124315969696,428.4,0.0018987341772151898,Education,Mobile,Ca,162.2759206510903,162.91344335703943
10079,1102.0,274.0,32497.890770010807,14.584187796581748,23301,0.13652148030558586,0.10933624367496775,0.027185236630618118,2228.296235847133,1127.6,0.05905325951675894,Entertainment,Mobile,Us,225.20128701235652,229.46462516656544
10025,1030.0,274.0,35637.06568128127,3.943939816899572,582893,0.13007481296758105,0.10274314214463841,0.027331670822942643,9035.905043119152,1077.2,0.0022371172753833037,Gaming,Tv,De,241.61028666341824,242.69676994075724
9892,662.0,126.0,16082.6159427701,23.18825934248372,437326,0.07966033158107562,0.06692276587141124,0.012737565709664375,693.5671930020546,627.2,0.0018018594823998573,Music,Tv,In,140.90690811821906,140.99815005699074
10057,1223.0,247.0,33710.29383437775,5.403391871218479,439743,0.14616684896092275,0.12160684100626429,0.024560007954658448,6238.728309515703,1177.1999999999998,0.0033428616259951836,Gaming,Mobile,In,236.594713592599,236.6432382744456
9960,1191.0,301.0,34711.25273841637,7.180453604339682,18154,0.1497991967871486,0.11957831325301205,0.030220883534136544,4834.130913043959,1225.0,0.08218574418860856,Music,Tablet,Au,241.18648368580384,241.1214484254157
9991,326.0,208.0,27344.171294720974,5.291504547457203,521401,0.053448103292963664,0.03262936642978681,0.02081873686317686,5167.560766410194,498.6,0.001024163743452736,Music,Mobile,Ca,190.15015405619175,190.35185870503102
10129,1966.0,487.0,23899.58529134569,11.395098815706485,683390,0.24217593049659394,0.19409615954190937,0.04807977095468457,2097.3565633677167,2009.2999999999997,0.0035894584351541577,Music,Mobile,Uk,207.61209372884272,207.41108788465658
10059,1403.0,118.0,25699.723287585373,19.495128660056555,196461,0.15120787354607815,0.13947708519733573,0.01173078834874242,1318.2638460981984,1135.5,0.0077419945943469695,Entertainment,Desktop,De,199.7155686917756,199.82712337596905
10100,1300.0,69.0,22457.52514091148,2.4379934149094105,941590,0.13554455445544555,0.12871287128712872,0.006831683168316832,9211.478998906952,999.6999999999999,0.0014539236822820973,Music,Mobile,In,182.0312584159969,182.24664126077795
9847,275.0,197.0,21355.511444739503,3.670084486214123,19580,0.047933380725093934,0.027927287498730576,0.020006093226363358,5818.806494770584,448.6,0.024106230847803882,Tech,Desktop,De,160.10049108459708,160.11965720101867
9992,838.0,220.0,47836.138230067525,8.543411478053898,63047,0.10588470776621298,0.08386709367493995,0.022017614091273018,5599.184629342482,872.5999999999999,0.016781131536790013,Tech,Mobile,De,295.77164630415933,295.7970342537822
10100,384.0,457.0,39466.42223769136,17.07568547443465,537740,0.08326732673267327,0.03801980198019802,0.045247524752475246,2311.2643001523797,862.9,0.0015639528396622904,Lifestyle,Tablet,Uk,253.14538863291017,253.30247861333768
10042,1466.0,70.0,18218.101041290905,9.298505286999577,234513,0.15295757817167896,0.14598685520812588,0.006970722963553077,1959.2504901580248,1117.2,0.006549743511020711,Entertainment,Tablet,De,164.6124272760743,164.74920335335523
10094,1403.0,91.0,28392.6313029427,29.896689357563755,578375,0.14800871805032692,0.1389934614622548,0.009015256588072122,949.6914846780339,1100.3999999999999,0.0025830992003457965,Music,Mobile,Ca,212.1296848551445,212.27849180367463
10028,963.0,249.0,33105.90963148404,22.991548943646173,119982,0.12086158755484643,0.096031112883925,0.02483047467092142,1439.9164541992732,997.8,0.010101515227284093,Music,Desktop,Ca,229.15988441501815,229.23818501949083
9970,1251.0,274.0,55062.1733073288,18.057832722839773,695816,0.15295887662988966,0.1254764292878636,0.027482447342026078,3049.212724054392,1231.8999999999999,0.0021916713613943915,Entertainment,Mobile,Ca,337.75091136881247,337.6241570279658
10073,968.0,491.0,52686.55868461603,2.386515797214801,596999,0.14484264866474733,0.09609848108805719,0.04874416757669016,22076.769299454972,1315.9,0.002443890190770839,Entertainment,Mobile,In,325.9532967006087,325.8671428119346
10018,1362.0,67.0,44715.32072238004,27.0194401228348,737819,0.14264324216410462,0.1359552804951088,0.006687961668995808,1654.9314315580511,1040.5,0.0019367893751719594,Entertainment,Mobile,Ca,287.5704187347954,287.61311564951245
10009,1146.0,259.0,28345.33382740814,27.478613933728568,706183,0.1403736637026676,0.11449695274253172,0.025876710960135878,1031.541616173577,1138.8999999999999,0.0019895692759525504,Education,Mobile,Ca,209.9341414578395,209.9674077068538
10059,1854.0,488.0,41416.10710504196,13.67386705345097,504708,0.23282632468436226,0.1843125559200716,0.048513768764290685,3028.851088221564,1932.1999999999998,0.004640306870507303,Tech,Mobile,Us,287.9218371789854,287.66048146381416
9948,626.0,166.0,19488.338943825347,22.20369901189395,758906,0.07961399276236429,0.06292722155207077,0.016686771210293525,877.7068601671256,654.0,0.0010436075087033177,Gaming,Tablet,Au,157.32384213897873,157.46261632322324
10149,336.0,233.0,17344.065434126907,6.335831239283959,23522,0.0560646369100404,0.033106710020691696,0.022957926889348706,2737.4569774820957,538.1,0.024190119887764646,Entertainment,Tv,Ca,144.42909760911496,144.88505701746857
10003,1192.0,427.0,16185.699486792935,7.710959967950535,702937,0.16185144456663,0.11916425072478257,0.042687193841847444,2099.05116276915,1389.5,0.0023031936005644886,Gaming,Mobile,De,156.2539425450054,156.22653668876075
9918,1239.0,491.0,15125.9554272551,15.05197969922938,199512,0.17443032869530148,0.1249243799153055,0.049505948779995965,1004.914684280999,1505.6,0.008671157624604034,Entertainment,Tv,Us,152.72265406245722,152.5933190026737
9952,697.0,352.0,35046.51541562035,8.199840204823467,583021,0.10540594855305466,0.07003617363344052,0.03536977491961415,4274.048583898576,945.5,0.0017992490836522183,Education,Desktop,De,235.11141132993475,235.09347715034306
9972,881.0,51.0,37522.22120523364,5.613201877051209,353210,0.09346169273967107,0.08834737264340152,0.005114320096269555,6684.637757041663,682.9999999999999,0.0026386568896690356,Lifestyle,Desktop,Ca,325.2262796804427,244.99594129460363
9990,1501.0,117.0,26877.3666064048,28.37282877133642,374004,0.16196196196196197,0.15025025025025024,0.011711711711711712,947.2924544470376,1202.8,0.004326156939497974,Gaming,Desktop,Us,206.5752661890953,206.60415050422338
9981,1973.0,282.0,58784.76353213205,12.47167763044174,747941,0.22592926560464882,0.19767558360885681,0.028253681995792004,4713.460792848438,1747.6999999999998,0.003014943692082664,Entertainment,Tv,Ca,367.9052772990274,367.6385537415411
10039,559.0,413.0,52477.70813476111,9.45493664458824,322306,0.0968223926685925,0.055682836935949796,0.04113955573264269,5550.29717357207,928.1999999999999,0.0030157676245555465,Gaming,Desktop,Au,316.4212694026662,316.4376933350493
9816,1893.0,314.0,57358.80292991016,20.779279649247183,740946,0.2248370008149959,0.1928484107579462,0.031988590057049716,2760.384570501135,1733.3,0.0029786246231169344,Entertainment,Desktop,In,359.4978274030352,359.16615153294185
9943,824.0,63.0,46451.28395559715,14.267142473767915,486759,0.08920848838378759,0.08287237252338328,0.006336115860404305,3255.822533559482,658.6999999999999,0.0018222570101425963,Gaming,Tablet,Uk,286.048354916383,286.10252726462625
10001,1029.0,126.0,33245.64155021466,12.316641920120317,728863,0.11548845115488451,0.10288971102889712,0.012598740125987402,2699.2456032926466,884.0999999999999,0.001584659942952242,Education,Mobile,Uk,228.69829583901,228.80021825180808
10146,1585.0,184.0,25123.38073752337,29.963386162833785,45406,0.17435442538931598,0.15621919968460476,0.018135225704711218,838.4693439183486,1348.7,0.0389596088622649,Lifestyle,Tablet,De,201.7141487378562,201.81221889652628
10108,1957.0,442.0,35970.126514006755,6.623503297027491,515974,0.23733676296003167,0.19360902255639098,0.04372774040364068,5430.6799439730785,1944.5,0.004649459081271537,Music,Desktop,Ca,263.481555713223,263.25936230450066
9921,367.0,472.0,27766.89235134624,17.754857998485594,733334,0.08456808789436548,0.036992238685616366,0.04757584920874912,1563.90393850036,870.5,0.00114408986900921,Tech,Tv,Ca,197.02050249700963,196.98256467269792
10066,514.0,65.0,58988.0812253936,7.433733895749154,964362,0.05752036558712498,0.051062984303596265,0.006457381283528711,7935.1887022919755,444.29999999999995,0.000600396946374909,Gaming,Tv,Uk,340.50070678459883,340.7375194570392
9923,1102.0,424.0,15273.775764692313,8.871477023678349,152196,0.1537841378615338,0.11105512445832913,0.042729013403204674,1721.6722450980774,1322.6,0.010026544718652265,Entertainment,Desktop,Us,150.57532244984287,149.86565582558416
10124,1940.0,148.0,59967.55424332289,10.607471615192054,995126,0.20624259186092453,0.19162386408534177,0.014618727775582773,5653.331577850953,1550.4,0.002098226757214664,Gaming,Desktop,In,371.3563846783016,371.2371114651617
9863,1245.0,435.0,19068.586145829464,23.39680102404671,6910,0.170333569907736,0.1262293419851972,0.044104227922538784,815.0082622932596,1437.0,0.24312590448625182,Lifestyle,Tv,Uk,170.16438802402578,170.00574303566006
10016,814.0,343.0,44394.15516690386,23.95340663996547,660138,0.11551517571884984,0.0812699680511182,0.03424520766773163,1853.3545492787518,1015.7,0.0017526638369553032,Gaming,Mobile,Us,281.3708916551621,281.3746087393158
10022,787.0,89.0,30015.09133093299,2.7328857770948107,664104,0.08740770305328278,0.07852724007184195,0.00888046298144083,10982.929320536945,666.6,0.0013190705070290196,Music,Tv,Au,208.78189853089827,208.98942575810716
10001,1643.0,375.0,26709.893822515613,9.70642961567035,740915,0.20177982201779823,0.16428357164283572,0.0374962503749625,2751.773296681033,1637.6,0.002723659259159283,Education,Desktop,Uk,212.71796501415,212.5905460719526
10130,1562.0,471.0,18911.0577760681,28.93549895638128,779593,0.20069101678183612,0.1541954590325765,0.046495557749259626,653.559069590454,1705.6999999999998,0.0026077709779333577,Gaming,Mobile,Us,176.8800252018038,176.81845574770577
9967,1859.0,87.0,29642.54334941022,6.965157975056608,536954,0.19524430621049463,0.18651550115380758,0.008728805056687067,4255.832165697478,1414.3999999999999,0.0036241465749393804,Tech,Desktop,Au,225.12940311537807,225.08293459616604
10020,892.0,274.0,16605.899842446393,23.841539547979057,144683,0.11636726546906187,0.08902195608782436,0.027345309381237526,696.511221896071,980.5999999999999,0.008058997947236373,Entertainment,Tv,Au,151.74081286790474,150.6684122995673
9992,1633.0,320.0,16406.468369495702,21.355455476517868,220939,0.19545636509207365,0.16343074459567655,0.032025620496397116,768.2565416380842,1559.1,0.008839543946519176,Music,Desktop,Ca,162.97802666149352,162.9140446192639
9988,1671.0,132.0,37522.22120523364,2.913102098124644,201561,0.18051661994393273,0.1673007609130957,0.013215859030837005,12880.503305870801,1341.2999999999997,0.008945182847872357,Gaming,Tv,Uk,294.54514422091546,259.878956490371
10033,1871.0,134.0,24214.45383985582,28.208287706506464,830066,0.19984052626333101,0.1864846008173029,0.013355925446028108,858.4162956573421,1483.8999999999999,0.0024154705770384525,Lifestyle,Desktop,Uk,200.8964211776596,200.88090904702568
9987,640.0,207.0,16687.769806869303,21.53310048300432,933505,0.08481025332932812,0.06408330830079102,0.0207269450285371,774.9822102971494,717.1,0.0009073331155162532,Music,Tablet,Us,145.268968724823,145.44546055995556
10024,798.0,423.0,16186.109134892557,23.9037531934216,978780,0.12180766161213089,0.07960893854748603,0.04219872306464485,677.1367242591441,1108.5,0.0012474713418745786,Tech,Mobile,Au,149.52472588707437,149.59913838535175
9786,1428.0,486.0,30515.529992113283,25.41376672939733,378868,0.19558553034947884,0.1459227467811159,0.04966278356836297,1200.7480164998326,1631.4,0.005051891423926011,Music,Mobile,De,227.7520533784442,227.46459781877257
9937,384.0,274.0,36223.63303832894,18.46545851192797,167630,0.06621716815940425,0.03864345375867968,0.027573714400724564,1961.6969172430718,625.0,0.003925311698383344,Gaming,Tablet,Ca,234.17193606059763,233.90993911686695
10255,517.0,500.0,31223.700320284333,15.819146460944864,455939,0.0991711360312043,0.05041443198439786,0.04875670404680644,1973.791721150761,1011.9,0.002230561544417126,Gaming,Desktop,Us,218.1173669821242,218.43223749657506
10123,924.0,176.0,48108.2150336966,26.242165259734172,459694,0.10866343969179097,0.09127728934110442,0.017386150350686556,1833.2410667161512,875.5999999999999,0.002392896143956632,Lifestyle,Tablet,Ca,298.4587923853033,298.64009563180775
10021,454.0,274.0,31493.007626589275,20.58012780738084,690736,0.07264744037521205,0.04530485979443169,0.02734258058078036,1530.2629760780517,674.0,0.001053948252298997,Gaming,Mobile,Uk,214.2147028906784,213.369311926087
10121,1956.0,214.0,37522.22120523364,28.733595973638828,665995,0.2144056911372394,0.19326153542140104,0.021144155715838355,1305.8658317482364,1647.3999999999999,0.003258282719840239,Entertainment,Mobile,In,248.5699344428137,266.84687335223157
10044,1863.0,59.0,33242.359486080924,17.173464571447603,770582,0.19135802469135801,0.18548387096774194,0.005874153723616089,1935.6816062234334,1380.8,0.0024942186555097314,Tech,Tablet,Uk,242.0895685385124,242.09154773887246
9966,444.0,66.0,15576.999876960446,20.337064192081108,280054,0.051173991571342566,0.044551475015051176,0.006622516556291391,765.9414225100323,396.59999999999997,0.0018210773636512959,Education,Tv,De,134.1306482829614,134.39031457194187
9924,1711.0,274.0,18428.695545985756,17.813192082651625,891633,0.20002015316404675,0.17241031841999194,0.027609834744054818,1034.553237874394,1553.8999999999999,0.0022262522809272426,Music,Mobile,De,175.68098933042822,172.60709275635162
10013,483.0,484.0,52223.34403695568,16.232482335443915,26867,0.09657445321082593,0.04823729152102267,0.04833716168980325,3217.2124360132566,967.3,0.0359921092790412,Entertainment,Mobile,Us,315.0006538078582,314.9631397905961
9894,233.0,456.0,57495.87612515597,15.550563209212514,54452,0.06963816454416819,0.023549626035981402,0.04608853850818678,3697.350079969713,755.9000000000001,0.012653346066260193,Music,Tablet,Au,334.4600737500539,334.3037891864796
10201,1102.0,93.0,36856.91880884692,19.96083576467436,894057,0.11714537790412705,0.10802862464464268,0.009116753259484365,1846.4617034760818,892.3,0.0013366038183247825,Tech,Desktop,Us,237.5018870427886,247.76389387065015
10078,1436.0,144.0,44329.38659024348,18.02651968599242,508630,0.15677713832109547,0.14248858900575512,0.014288549315340345,2459.1206379504197,1192.3999999999999,0.0031063838153471087,Music,Tv,Ca,288.65883227675084,288.6963168345247
10072,1915.0,409.0,40622.15514583225,28.80845149680424,12527,0.2307386814932486,0.19013105639396347,0.040607625099285144,1410.077704118825,1872.2,0.1855192783587451,Tech,Tablet,Ca,283.93708510782074,283.71467875462343
9994,314.0,61.0,27209.207533840083,8.826433227051373,914338,0.037522513508104864,0.03141885131078647,0.006103662197318391,3082.695674901718,299.09999999999997,0.0004101327955307556,Gaming,Desktop,Uk,186.7967047548181,187.08371068163774
9922,1524.0,449.0,29640.152094108427,24.610323020785867,328376,0.19885103809715782,0.1535980649062689,0.04525297319088893,1204.3788319671535,1650.5,0.006008356274514581,Tech,Tablet,Ca,225.34772028254704,225.1475746587771
9961,1802.0,87.0,35105.72221042668,3.53895844242406,863703,0.1896395944182311,0.18090553157313521,0.008734062845095874,9919.789333943269,1374.4999999999998,0.0021870944062947566,Music,Tv,De,249.87481333880064,249.8146007257153
10041,1425.0,496.0,51351.88864114535,18.191425961934144,127377,0.19131560601533712,0.14191813564386016,0.049397470371476945,2822.8621961027143,1642.3,0.015081215604072948,Entertainment,Tv,In,327.43477134255323,327.22059195923293
10060,875.0,474.0,24459.62614133236,18.61665099376941,446924,0.1340954274353877,0.08697813121272366,0.047117296222664015,1313.8574789589418,1228.7,0.003018410288997682,Tech,Tv,In,190.9180722489197,190.9537835278207
10182,518.0,53.0,16472.183444153787,2.017583433710565,558088,0.05607935572579061,0.05087409153407975,0.005205264191710863,8164.313390430438,431.5,0.001023136136236579,Music,Tablet,Au,140.52489653383188,141.09354381896284
10226,354.0,494.0,39532.03117271271,9.166625615395716,49049,0.08292587522002738,0.03461764130647369,0.04830823391355369,4312.60453206653,890.0,0.01728883361536423,Music,Tv,In,254.23152528553936,254.53925336117405
9973,682.0,137.0,28208.38061422208,22.50471346388966,153363,0.08212172866740199,0.06838463852401484,0.013737090143387145,1253.4432246597735,655.5,0.005340271121456935,Gaming,Desktop,Ca,199.02910805592649,199.17442041278406
10009,858.0,123.0,37522.22120523364,15.185289069188892,611574,0.09801178938954941,0.08572284943550804,0.012288939954041362,2470.9586386054784,760.4999999999999,0.0016040577264566512,Music,Tablet,De,348.50245589607164,246.0425116729779
9809,697.0,165.0,57730.0271375785,16.388329007789352,136674,0.08787847894790499,0.07105719237435008,0.0168212865735549,3522.630471364072,702.4,0.006306978649926101,Music,Mobile,Au,338.0945155915158,337.9064922021582
9931,528.0,360.0,56041.21272427934,23.476478971848955,496091,0.08941697714228175,0.053166851273789145,0.0362501258684926,2387.12171409858,837.5999999999999,0.0017899941744558962,Tech,Desktop,Au,331.2150788934621,331.11804565580826
10013,1647.0,86.0,37522.22120523364,11.455906230646612,695961,0.17307500249675423,0.16448616798162388,0.00858883451513033,3275.360364320628,1264.6999999999998,0.002490082059195846,Entertainment,Desktop,De,296.10609368761624,258.85330607068835
10044,954.0,206.0,47938.49114166434,12.456168064311306,51060,0.11549183592194345,0.09498207885304659,0.020509757068896853,3848.5745290331247,935.5999999999999,0.0227183705444575,Education,Desktop,Ca,298.27824312897656,298.34596532610266
9882,297.0,493.0,52181.31946266061,16.402135594632174,968711,0.07994333130945153,0.030054644808743168,0.04988868650070836,3181.373496249944,848.8,0.0008155167020917487,Education,Tv,De,311.0778046106112,310.89956130290057
9908,1888.0,219.0,49425.59452878296,5.985889352015457,810863,0.21265643924101735,0.19055308841340332,0.02210335082761405,8257.017733236466,1606.3,0.002598466078733399,Gaming,Tablet,In,320.8570542746595,320.6370998113489
10084,305.0,474.0,18039.72354233818,10.633819602249677,971317,0.07725109083696946,0.030245934153113843,0.04700515668385561,1696.448145360837,829.7,0.0008020038772100148,Education,Tablet,Us,150.9794710152436,151.2029958125213
10194,1672.0,274.0,21529.68796031799,19.126551961670717,62791,0.19089660584657642,0.16401804983323523,0.02687855601334118,1125.6439740661629,1526.6,0.03099170263254288,Entertainment,Tablet,In,190.538794870564,188.12487571207993
10012,1038.0,54.0,52327.52372292788,19.227885777437717,218517,0.10906911705952857,0.10367558929284858,0.005393527766679984,2721.4392850372433,796.8,0.004997322862752097,Entertainment,Mobile,Ca,317.63502129786093,317.71696170498745
9977,859.0,318.0,50880.967345662655,9.661968137044552,903129,0.11797133406835722,0.08609802545855468,0.031873308609802545,5266.107963095225,1014.7,0.0013032468229898498,Education,Desktop,Us,312.0937408340507,312.0358931022893
10044,495.0,268.0,25356.033521680944,13.56400736882784,852871,0.0759657506969335,0.0492831541218638,0.026682596575069693,1869.3615265908054,694.9000000000001,0.0008946253302082026,Music,Tablet,Us,184.98906209528923,185.20587533759237
9854,703.0,357.0,33745.26957426077,2.9936699518401846,20384,0.10757052973411813,0.07134158717272174,0.03622894256139639,11272.207730687822,956.2,0.052001569858712716,Tech,Mobile,De,228.65508374185416,228.52583245682425
10026,427.0,124.0,32530.57324794084,26.100570151506723,337477,0.054957111510073806,0.04258926790345103,0.012367843606622781,1246.354890299702,460.1,0.0016327038583370127,Tech,Tablet,Us,215.0761798563668,215.3362749253859
10203,1102.0,319.0,30128.02513508796,19.420825473918885,878020,0.13927276291286877,0.10800744878957169,0.03126531412329707,1551.3256723071972,1186.1,0.0016184141591307716,Lifestyle,Mobile,Au,204.89495620306448,219.8126135493066
9888,1262.0,274.0,48242.66452795022,29.36427356605057,681784,0.1553398058252427,0.1276294498381877,0.027710355987055017,1642.9033880043214,1239.6,0.002252912946035695,Entertainment,Desktop,Au,302.8181744214032,305.1884152841792
9967,658.0,205.0,49536.41542929098,14.2222346852174,576898,0.08658573291863149,0.0660178589344838,0.020567873984147687,3483.0261576810544,727.0999999999999,0.0014959316898307845,Education,Mobile,Uk,300.30587030187115,300.33504898529156
10049,1774.0,380.0,27558.37773463722,8.579371553218337,185875,0.21434968653597372,0.1765349786048363,0.03781470793113743,3212.167413859047,1735.8,0.01158843308675185,Gaming,Tablet,Au,219.3057514681187,219.17009692680944
10020,476.0,182.0,33435.659366010565,8.567554794276342,668963,0.0656686626746507,0.04750499001996008,0.01816367265469062,3902.590665465911,569.8,0.0009836119486428996,Tech,Tv,De,221.15102498981776,221.35705010249816
10185,1102.0,337.0,36156.8672523922,25.8581752974578,554162,0.14128620520373097,0.10819833087874325,0.03308787432498773,1398.2760514407564,1209.5,0.0025967135963851726,Gaming,Mobile,Uk,234.8743462149741,248.40037499607186
9890,1285.0,280.0,37522.22120523364,15.815649210151124,692692,0.15824064711830133,0.12992922143579372,0.028311425682507583,2372.4742947099735,1263.5,0.0022593013922493693,Entertainment,Mobile,Au,256.1253941131746,255.19033700449273
9920,1125.0,304.0,55312.66830684201,18.94770569481466,801258,0.1440524193548387,0.11340725806451613,0.03064516129032258,2919.227752306666,1182.7,0.0017834455319010855,Lifestyle,Mobile,Ca,337.0213735100683,336.85437196668994
9973,1555.0,274.0,45743.03123386768,19.2175277232068,168153,0.18339516695076707,0.1559209866639928,0.02747418028677429,2380.276583580992,1444.7,0.010876998923599342,Education,Mobile,Us,302.73416322996025,298.91182108212547
10074,1173.0,162.0,24283.838159938627,13.150190550007808,43993,0.13251935675997617,0.11643835616438356,0.016081000595592615,1846.652949065001,1031.6999999999998,0.0303457368217671,Music,Tablet,De,189.92163610897168,190.0813865773511
10068,1912.0,254.0,46758.3198335514,19.919636444326127,11444,0.21513706793802145,0.18990862137465236,0.02522844656336909,2347.348053476647,1668.6,0.1892694861936386,Music,Tv,Us,310.1298092274348,309.9737247817956
9864,1503.0,206.0,59074.192683901005,7.613390742564073,434818,0.17325628548256286,0.15237226277372262,0.020884022708840228,7759.2487606915765,1319.8999999999999,0.003930380067062541,Gaming,Mobile,Au,359.2758910260694,359.0474131430091
9986,1836.0,236.0,51795.121105709804,25.98616365376855,683269,0.2074904866813539,0.1838574003605047,0.02363308632084919,1993.1807478707387,1591.9999999999998,0.003032480618907048,Gaming,Tv,De,331.83312519042954,331.6434561422599
9967,1270.0,213.0,41025.97701410562,19.756704057463875,547889,0.14879101033410252,0.12742048760911007,0.021370522724992475,2076.5597791402074,1165.9,0.0027067526451525765,Music,Mobile,Uk,270.8392631685463,270.78896948016654
9806,1876.0,292.0,31288.99349697051,21.676840401492907,580027,0.22108912910462983,0.19131144197430144,0.02977768713032837,1443.4296196975092,1692.7999999999997,0.00373775703544835,Tech,Desktop,Ca,235.86837001132884,235.63777383231573
10089,450.0,443.0,23217.13415319577,3.9835212929958095,623631,0.08851224105461393,0.04460303300624442,0.04390920804836951,5828.294226522211,890.9,0.0014319365137396955,Lifestyle,Mobile,Us,177.37396819249855,177.56747211910874
9844,872.0,436.0,57977.3648780479,6.540736509123961,700073,0.13287281592848435,0.08858187728565624,0.04429093864282812,8864.04226759062,1177.2,0.0018683765835848546,Education,Mobile,In,347.1085210718708,346.8293961153915
9933,868.0,165.0,17702.742086910464,6.665267999271737,894068,0.10399677841538307,0.08738548273431994,0.016611295681063124,2655.968535525459,822.0999999999999,0.0011553931020906688,Gaming,Mobile,Au,152.96957805523294,153.0586685505387
9970,1771.0,280.0,45703.28056592894,16.207084033527195,859569,0.2057171514543631,0.17763289869608825,0.028084252758274825,2819.9570306036353,1603.6999999999998,0.0023860795352089246,Music,Tv,Us,302.6686249269394,302.4814886571586
9937,838.0,130.0,47004.24943275549,14.27143749674089,678952,0.09741370635000503,0.08433128710878535,0.013082419241219684,3293.5889915426987,755.5999999999999,0.001425726708220905,Education,Desktop,Us,290.0162435652828,290.02550431801956
9952,1348.0,170.0,25561.99435552067,25.610503114068155,372286,0.152532154340836,0.1354501607717042,0.017081993569131832,998.1059037250682,1164.6,0.00407751030122003,Lifestyle,Tv,In,198.45716661660305,198.45862530782307
